user_id,name,type,fails
f81f90da501540e495766c8678c2cff2,Daniel,Dummy,27
f7b53afd71154dd49f5ffca6fa3a75f7,Ginger,Dummy,25
5f97c20c457542c28589870f98ae93ab,John,Dummy,25
ca69cac046fe4ad2b725484fc9b559fb,Kevin,Dummy,23
afa53557a80a43b88c1d51f8d89ee973,Darcy,Dummy,23
4ceeb8cd410244be89db405a83289395,Charlotte,Dummy,23
e162a4ad282c49f2957f6dfbd110c1d1,Avis,Dummy,22
2f1d4370cbbf42699168668a7cd8c012,Jesus,Dummy,22
18a70172ac7142dab1f4f841d2f407d8,Andrew,Dummy,22
13fa3fb2f3174a198c0f31b0614efa8b,Andrea,Dummy,22
db338d04f890494992bf7660478e9f66,Helen,Dummy,21
d984190a6698403c95221dda9f807917,Michelle,Dummy,21
b0fa9d21156a4ec3b3095f19d03c85be,Kelly,Dummy,21
2a7948079081467e903f480111d82bfb,Marilyn,Dummy,21
1ba6b2272220444eab7d4654a3d8c65c,Renee,Dummy,21
0fa150bba6194f0cb0dce501fe720756,Richard,Dummy,21
d906a21f52ac4b9e967f49e7c7894c36,Julio,Dummy,20
a9e7809b88424ad39f612e4b9974ef5b,Micheal,Dummy,20
764bdc6567bd4850a94f7884ad6c2f11,Mark,Dummy,20
4f2f20b572544cb9b13aa7e6d5c5c5c8,Kenny,Dummy,20
3f753e6f3a9b4b47b0ee28284bbf660a,Dorothy,Dummy,20
3c57a05176ac4fa69d20197e45f5ad90,Brenda,Dummy,20
1713ba88a45e4bb18e2347f292197fd7,Rosa,Dummy,20
0c6f6b5789ce4f5b9aaf8db98c70be02,Jose,Dummy,20
b84e4a641ac0473fb8b2715b3f9d7380,Holly,Dummy,19
afc45b7a98194903b55c224cbb440187,Larry,Dummy,19
859d543daa5741da8ff67f1a39efc5ba,Brian,Dummy,19
77e96040c9e34f6d96e1bb226a4b6f53,Kathleen,Dummy,19
3a6af624bfb14374b672ec4221bf4c24,Desiree,Dummy,19
20b44a615ab248ce899246e43811c30a,Edward,Dummy,19
f80604abd2c248d394d4616804bc390a,Christine,Dummy,18
7bab698df1a6449986687133e605b2f5,Donald,Dummy,18
53d68cd351a04cd5830694dd1ac4d12a,Violet,Dummy,18
2022586fe151473c94f27620a0cf016c,Ana,Dummy,18
1e61958eb51e4af49db7adc924061e7b,Eric,Dummy,18
1acfef3b4f0b49a89cfb9ae70dd0a732,Paulette,Dummy,18
13079d1ccf0d4664bba18c1564a966d5,Jeana,Dummy,18
cff7845480b54561a1b45e280973f7df,Evangelina,Dummy,17
b0e9cd8c2b924fd695fa7aa87fdc9580,Joan,Dummy,17
7e0b1556a7d64f08b3b80c8ddd5adb03,Maria,Dummy,17
282c8feb07df462f84ebfc143b8cc0e3,Christopher,Dummy,17
0c3446f976fd4fc09614374e20dc9efb,Lilly,Dummy,17
e3677871a0284bde8b6de96754eeb76a,Mary,Dummy,16
e08f01e5dc1f416ba18a01a8ef5c7043,Jo,Dummy,16
df198f2a50824d9fbcac456e982265e5,Jacqueline,Dummy,16
d33432e0140142b39101125841a9ae4d,Esperanza,Dummy,16
d2a7f44b96a945a881ddbdf4c0e2b147,Theresa,Dummy,16
d0215217358e41279ef2d8a90bc89d74,Patricia,Dummy,16
cbaa4f72dfe347b1983ca2867834ea1c,Gustavo,Dummy,16
7d0c87141f054a55869a261a2d281dc1,Grace,Dummy,16
4b2d4eaf5b8346e3a261d342f18d249b,Elizabeth,Dummy,16
48f98ba7a0cd490d8fe4612cea8c277e,Christopher,Dummy,16
030e071c5ff84ada83e8732af2b0b557,Donald,Dummy,16
f718c185c9d0475db5947916a925a851,Gerald,Dummy,15
f6a67760e667485087e40c85373a0027,Leslie,Dummy,15
e88ce714f1cc46cfb7978cd182ba5b76,Marshall,Dummy,15
db8cbcef68aa4e639a15d210254ceeed,Robert,Dummy,15
a848d11f57114c018d18e53b33876b07,Ricky,Dummy,15
979588cc52144e058ec81551579aeb8d,Jeffrey,Dummy,15
7e100f207b914aec92fe8a96fc5153ef,Patricia,Dummy,15
65f11b98d18b4727b6a5e9972c241cfa,Mildred,Dummy,15
3324ed9b4c534be0927383cebd72e2ef,Stevie,Dummy,15
0534ef2983204305a89559928a98c7d9,Kevin,Dummy,15
f967ec18dfb14e4ba6cad713570942f3,Felicia,Dummy,14
eb58dbe046ba4792bb0752b7cc2fa0bc,Patricia,Dummy,14
e7836b6333944483b97b69b5bb482a86,Jean,Dummy,14
c759e989c1bc4ceba1f890a3ad292970,Derick,Dummy,14
c65671087007475186bf8c382beb559f,Louis,Dummy,14
aa04f6e4a5174c9abad56d3af687ca68,Lois,Dummy,14
917a5aacd4a9455b90fdba38b0cee372,Pauline,Dummy,14
709c3d1febbc4786a765c9e0b0b9e771,Miguel,Dummy,14
64508726ed3744299320b3927905bd44,Evelyn,Dummy,14
42bebfc64eec44aaa7f0b6da7d8355b2,Shila,Dummy,14
3c6edecc45fc410a982c5ad36ea0cb26,Clyde,Dummy,14
2f2417874ebd48aab393a9891c9cebb2,Joseph,Dummy,14
1f027229e93a4b5dbc529947bc1fe687,Harold,Dummy,14
1deec6ebc731486aaf376084a079a235,Ervin,Dummy,14
d9fd5a0142b3435db9d94f3ee28c1559,Amy,Dummy,13
cc2ac156cd9b46d3bed846c3b83f75f1,Frank,Dummy,13
c5aa02f3dcfb413abccc2e71504692bb,Tyrone,Dummy,13
af933cf34bb744aeb5d32a5ec640aa30,Rose,Dummy,13
96459870175e49db90feb2a0ec3ccdc0,Evalyn,Dummy,13
58468ae8d37c472f8a16b04c2c3727ba,Raquel,Dummy,13
527b8606e1904628a946f50b06e5447a,Omar,Dummy,13
39ce0f97286142ce8774997472c4f48d,Jennifer,Dummy,13
2128530eb4064f37b0b1ffe58c59616c,Elvia,Dummy,13
024922c2a93e4b0d88a4037b691e6cde,Emma,Dummy,13
bb9a4781270f44b8bce251dff25bbb2b,John,Dummy,12
5c5ecb0c3006431289e34297ae5fca8c,Hazel,Dummy,12
1b2b62831cf046c599b1015a1054d1d6,Brenda,Dummy,12
0d30cbe6842f40ec974380e251b161ea,Marlene,Dummy,12
981c16e73071489e9b96995348ce71d0,Victor,Dummy,11
75c14dabcb954c0aaa1c0502bb3d5b20,Melissa,Dummy,11
5e3062690fc9445cb7abb2b30e620f35,Eleanor,Dummy,11
507ea81497b142f094bff394e206e086,Gina,Dummy,11
2fc60f4491af49fabb69df83fe489ba4,Homer,Dummy,11
0a5f101e55a94564bd96aff8d7cee071,Andrea,Dummy,11
9f32aee2743c4de0b8bfa0cd6d8faf49,Wendy,Dummy,10
41ad7f587e2b49a2bc46266773eb2a00,Wilma,Dummy,10
c1b6d6da310b46f6b0e4d177681f95cf,Jacob,Dummy,9
